config,organ,dice,delta
baseline,liver,0.9280175432464145,0.0
baseline,spleen,0.9266090389948031,0.0
baseline,right_kidney,0.9190377177224596,0.0
baseline,left_kidney,0.9246898363266501,0.0
baseline,stomach,0.8220984491927021,0.0
baseline,pancreas,0.7006575322408995,0.0
baseline,gall_bladder,0.6647945278610596,0.0
baseline,right_adrenal_gland,0.6642683706749746,0.0
baseline,left_adrenal_gland,0.6415124159885651,0.0
baseline,duodenum,0.6426424798218174,0.0
baseline,esophagus,0.7658956008246307,0.0
baseline,bladder,0.8253156955082407,0.0
uniform_all,liver,0.9043619110357946,-0.023655632210619948
uniform_all,spleen,0.8028571881489589,-0.12375185084584417
uniform_all,right_kidney,0.5930803694716336,-0.325957348250826
uniform_all,left_kidney,0.6443113136536555,-0.2803785226729947
uniform_all,stomach,0.6149783224646631,-0.20712012672803903
uniform_all,pancreas,0.5177688021325,-0.18288873010839957
uniform_all,gall_bladder,0.6641235220432121,-0.0006710058178475142
uniform_all,right_adrenal_gland,0.4640899374754569,-0.20017843319951767
uniform_all,left_adrenal_gland,0.4285777162858115,-0.21293469970275364
uniform_all,duodenum,0.48765942079049257,-0.15498305903132487
uniform_all,esophagus,0.6453720593006113,-0.12052354152401945
uniform_all,bladder,0.6852555803016902,-0.14006011520655048
uniform_dec4_only,liver,0.9217502788268441,-0.006267264419570373
uniform_dec4_only,spleen,0.9070946482778913,-0.019514390716911745
uniform_dec4_only,right_kidney,0.860564443513721,-0.0584732742087386
uniform_dec4_only,left_kidney,0.9041654073748501,-0.020524428951800067
uniform_dec4_only,stomach,0.7759147920792553,-0.04618365711344685
uniform_dec4_only,pancreas,0.6644677711206132,-0.03618976112028638
uniform_dec4_only,gall_bladder,0.6820554133078189,0.0172608854467593
uniform_dec4_only,right_adrenal_gland,0.6444174269600917,-0.01985094371488283
uniform_dec4_only,left_adrenal_gland,0.6378608986842516,-0.0036515173043135674
uniform_dec4_only,duodenum,0.6107639097222693,-0.03187857009954809
uniform_dec4_only,esophagus,0.7362647302827985,-0.02963087054183222
uniform_dec4_only,bladder,0.8120268874858898,-0.013288808022350884
uniform_dec3_only,liver,0.9250973387401362,-0.002920204506278279
uniform_dec3_only,spleen,0.921429486295425,-0.005179552699378087
uniform_dec3_only,right_kidney,0.847228775539168,-0.07180894218329159
uniform_dec3_only,left_kidney,0.8795458514953537,-0.045143984831296446
uniform_dec3_only,stomach,0.799550025854536,-0.02254842333816609
uniform_dec3_only,pancreas,0.6614541128927128,-0.03920341934818672
uniform_dec3_only,gall_bladder,0.6690803168546091,0.0042857889935494775
uniform_dec3_only,right_adrenal_gland,0.6309514584585822,-0.033316912216392325
uniform_dec3_only,left_adrenal_gland,0.5765835397219636,-0.06492887626660149
uniform_dec3_only,duodenum,0.5955822973298884,-0.047060182491929003
uniform_dec3_only,esophagus,0.7432196804823473,-0.022675920342283384
uniform_dec3_only,bladder,0.781504577081064,-0.043811118427176665
uniform_dec2_only,liver,0.9248995571407524,-0.0031179861056620517
uniform_dec2_only,spleen,0.9016676665757609,-0.02494137241904215
uniform_dec2_only,right_kidney,0.9107862808486671,-0.008251436873792484
uniform_dec2_only,left_kidney,0.9203680785603348,-0.004321757766315382
uniform_dec2_only,stomach,0.8186217071156648,-0.003476742077037298
uniform_dec2_only,pancreas,0.6675019243480818,-0.033155607892817796
uniform_dec2_only,gall_bladder,0.6618951380815727,-0.002899389779486894
uniform_dec2_only,right_adrenal_gland,0.6433846364659629,-0.020883734209011684
uniform_dec2_only,left_adrenal_gland,0.619846651111451,-0.021665764877114135
uniform_dec2_only,duodenum,0.6277143677648529,-0.014928112056964538
uniform_dec2_only,esophagus,0.7369591552813194,-0.028936445543311318
uniform_dec2_only,bladder,0.814209977674273,-0.011105717833967632
uniform_dec1_only,liver,0.9245665636875772,-0.0034509795588373304
uniform_dec1_only,spleen,0.9185727982176944,-0.008036240777108627
uniform_dec1_only,right_kidney,0.9122217295616313,-0.00681598816082829
uniform_dec1_only,left_kidney,0.913215471848995,-0.011474364477655152
uniform_dec1_only,stomach,0.8014568112162863,-0.020641637976415828
uniform_dec1_only,pancreas,0.6969891201923867,-0.00366841204851287
uniform_dec1_only,gall_bladder,0.6661207264746687,0.0013261986136090531
uniform_dec1_only,right_adrenal_gland,0.6152569563972254,-0.04901141427774913
uniform_dec1_only,left_adrenal_gland,0.6147663007522004,-0.02674611523636472
uniform_dec1_only,duodenum,0.6322763701097681,-0.01036610971204932
uniform_dec1_only,esophagus,0.7540918529957258,-0.01180374782890492
uniform_dec1_only,bladder,0.8229976447672644,-0.0023180507409762408
remove_dec4_H1,liver,0.9134068553876666,-0.014610687858747862
remove_dec4_H1,spleen,0.3724123641606039,-0.5541966748341991
remove_dec4_H1,right_kidney,0.7227962363963025,-0.19624148132615704
remove_dec4_H1,left_kidney,0.22148185821555502,-0.7032079781110951
remove_dec4_H1,stomach,0.18140171509195904,-0.6406967341007431
remove_dec4_H1,pancreas,0.4771061085971785,-0.22355142364372105
remove_dec4_H1,gall_bladder,0.6614166852467491,-0.003377842614310511
remove_dec4_H1,right_adrenal_gland,0.5930817077215745,-0.07118666295340004
remove_dec4_H1,left_adrenal_gland,0.46670914268272856,-0.17480327330583656
remove_dec4_H1,duodenum,0.4569314087804438,-0.18571107104137363
remove_dec4_H1,esophagus,0.6265602602699488,-0.13933534055468189
remove_dec4_H1,bladder,0.16156695857160408,-0.6637487369366366
remove_dec4_H2,liver,0.9210785873086247,-0.006938955937789815
remove_dec4_H2,spleen,0.9243724250330265,-0.0022366139617765457
remove_dec4_H2,right_kidney,0.9071480742832888,-0.01188964343917076
remove_dec4_H2,left_kidney,0.9248620009043543,0.00017216457770419247
remove_dec4_H2,stomach,0.8204170374504479,-0.001681411742254224
remove_dec4_H2,pancreas,0.6972490947849624,-0.003408437455937108
remove_dec4_H2,gall_bladder,0.651141880126157,-0.013652647734902601
remove_dec4_H2,right_adrenal_gland,0.6612789782115237,-0.0029893924634508684
remove_dec4_H2,left_adrenal_gland,0.6426054788121476,0.001093062823582458
remove_dec4_H2,duodenum,0.6399904913072466,-0.0026519885145708244
remove_dec4_H2,esophagus,0.7674874191363518,0.0015918183117210605
remove_dec4_H2,bladder,0.8252597421216554,-5.595338658526128e-05
remove_dec4_H3,liver,0.9279884531205853,-2.9090125829189795e-05
remove_dec4_H3,spleen,0.9266995235345475,9.048453974447312e-05
remove_dec4_H3,right_kidney,0.9191416191895478,0.0001039014670882743
remove_dec4_H3,left_kidney,0.9247330068345851,4.317050793500865e-05
remove_dec4_H3,stomach,0.8221847805266277,8.633133392554893e-05
remove_dec4_H3,pancreas,0.7006322318222702,-2.5300418629359278e-05
remove_dec4_H3,gall_bladder,0.6648472137713558,5.2685910296168537e-05
remove_dec4_H3,right_adrenal_gland,0.664229242247666,-3.9128427308576796e-05
remove_dec4_H3,left_adrenal_gland,0.6415124159885651,0.0
remove_dec4_H3,duodenum,0.642669453359115,2.6973537297525496e-05
remove_dec4_H3,esophagus,0.7658966692967087,1.0684720780362866e-06
remove_dec4_H3,bladder,0.825281867718317,-3.3827789923668306e-05
remove_dec4_H4,liver,0.9279951073936542,-2.243585276029414e-05
remove_dec4_H4,spleen,0.9262942238954556,-0.0003148150993474985
remove_dec4_H4,right_kidney,0.9191613636962306,0.00012364597377101383
remove_dec4_H4,left_kidney,0.9246223881392176,-6.744818743253944e-05
remove_dec4_H4,stomach,0.8220162309389083,-8.221825379384207e-05
remove_dec4_H4,pancreas,0.7006430625993897,-1.4469641509862186e-05
remove_dec4_H4,gall_bladder,0.6649055961170556,0.00011106825599593861
remove_dec4_H4,right_adrenal_gland,0.6642688237757698,4.531007952168764e-07
remove_dec4_H4,left_adrenal_gland,0.6415530508820192,4.063489345407234e-05
remove_dec4_H4,duodenum,0.6426667805897807,2.4300767963225667e-05
remove_dec4_H4,esophagus,0.7658960860682421,4.852436114033409e-07
remove_dec4_H4,bladder,0.8253007452676147,-1.4950240626032674e-05
remove_dec3_H1,liver,0.9207891710349266,-0.007228372211487866
remove_dec3_H1,spleen,0.8930021791142784,-0.0336068598805247
remove_dec3_H1,right_kidney,0.8142394366600434,-0.10479828106241618
remove_dec3_H1,left_kidney,0.80715370113435,-0.1175361351923001
remove_dec3_H1,stomach,0.5959237980497167,-0.2261746511429854
remove_dec3_H1,pancreas,0.6735655671758846,-0.02709196506501499
remove_dec3_H1,gall_bladder,0.6546450312658474,-0.010149496595212248
remove_dec3_H1,right_adrenal_gland,0.6418484976819767,-0.022419872992997858
remove_dec3_H1,left_adrenal_gland,0.5775305259434502,-0.0639818900451149
remove_dec3_H1,duodenum,0.6390481255128296,-0.0035943543089878016
remove_dec3_H1,esophagus,0.7544021823856695,-0.011493418438961234
remove_dec3_H1,bladder,0.5043774115934436,-0.32093828391479706
remove_dec3_H2,liver,0.9267277613315098,-0.0012897819149046974
remove_dec3_H2,spleen,0.9243217022491836,-0.0022873367456194282
remove_dec3_H2,right_kidney,0.9183690213784338,-0.0006686963440257765
remove_dec3_H2,left_kidney,0.9252346560209491,0.0005448196942989814
remove_dec3_H2,stomach,0.8229384037059488,0.000839954513246699
remove_dec3_H2,pancreas,0.7014810963253372,0.0008235640844376224
remove_dec3_H2,gall_bladder,0.6593111103108868,-0.005483417550172787
remove_dec3_H2,right_adrenal_gland,0.6639634925487483,-0.0003048781262262601
remove_dec3_H2,left_adrenal_gland,0.641682903783123,0.0001704877945578609
remove_dec3_H2,duodenum,0.6409003673446014,-0.0017421124772160068
remove_dec3_H2,esophagus,0.7674479196969264,0.0015523188722956771
remove_dec3_H2,bladder,0.8240382775948,-0.0012774179134407149
remove_dec3_H3,liver,0.9184959302872222,-0.009521612959192294
remove_dec3_H3,spleen,0.9255209080697779,-0.0010881309250251325
remove_dec3_H3,right_kidney,0.9185422192133478,-0.0004954985091117914
remove_dec3_H3,left_kidney,0.9244091206769082,-0.0002807156497419694
remove_dec3_H3,stomach,0.8214795638802306,-0.0006188853124715621
remove_dec3_H3,pancreas,0.7010609273902538,0.0004033951493542798
remove_dec3_H3,gall_bladder,0.6363621382904939,-0.028432389570565708
remove_dec3_H3,right_adrenal_gland,0.6643473066478153,7.893597284069909e-05
remove_dec3_H3,left_adrenal_gland,0.6406316664641132,-0.0008807495244519403
remove_dec3_H3,duodenum,0.6419994496548155,-0.0006430301670019567
remove_dec3_H3,esophagus,0.7665371127126289,0.000641511887998214
remove_dec3_H3,bladder,0.825688001765967,0.0003723062577263292
remove_dec3_H4,liver,0.9264897891951449,-0.001527754051269592
remove_dec3_H4,spleen,0.9265585872840116,-5.0451710791432625e-05
remove_dec3_H4,right_kidney,0.9196409960188102,0.0006032782963506511
remove_dec3_H4,left_kidney,0.9229544552672269,-0.00173538105942328
remove_dec3_H4,stomach,0.8204212058075813,-0.0016772433851208746
remove_dec3_H4,pancreas,0.6394536800800941,-0.06120385216080548
remove_dec3_H4,gall_bladder,0.5626066387113722,-0.10218788914968746
remove_dec3_H4,right_adrenal_gland,0.5829444224283346,-0.08132394824664002
remove_dec3_H4,left_adrenal_gland,0.5510008711271128,-0.0905115448614523
remove_dec3_H4,duodenum,0.4956324482655411,-0.14701003155627634
remove_dec3_H4,esophagus,0.6582815593979365,-0.10761404142669417
remove_dec3_H4,bladder,0.8254005561604949,8.486065225421502e-05
remove_dec2_H1,liver,0.9226972121276603,-0.005320331118754185
remove_dec2_H1,spleen,0.927450437146488,0.0008413981516849356
remove_dec2_H1,right_kidney,0.9194339899712625,0.000396272248802898
remove_dec2_H1,left_kidney,0.923966926774851,-0.0007229095517991002
remove_dec2_H1,stomach,0.8188505048970094,-0.0032479442956927507
remove_dec2_H1,pancreas,0.7033092835441968,0.0026517513032972007
remove_dec2_H1,gall_bladder,0.6383746530018363,-0.02641987485922337
remove_dec2_H1,right_adrenal_gland,0.6394265697923641,-0.024841800882610454
remove_dec2_H1,left_adrenal_gland,0.6322935507735645,-0.009218865215000593
remove_dec2_H1,duodenum,0.638971131543176,-0.003671348278641462
remove_dec2_H1,esophagus,0.7068237922985373,-0.059071808526093394
remove_dec2_H1,bladder,0.8215985798479992,-0.0037171156602414657
remove_dec2_H2,liver,0.9227836015274457,-0.005233941718968849
remove_dec2_H2,spleen,0.8942822790157318,-0.03232675997907131
remove_dec2_H2,right_kidney,0.9002684702621325,-0.018769247460327043
remove_dec2_H2,left_kidney,0.909832343658476,-0.014857492668174155
remove_dec2_H2,stomach,0.8001999999242416,-0.021898449268460518
remove_dec2_H2,pancreas,0.6377343264213376,-0.0629232058195619
remove_dec2_H2,gall_bladder,0.6505557886936397,-0.014238739167419912
remove_dec2_H2,right_adrenal_gland,0.5643954847317109,-0.09987288594326371
remove_dec2_H2,left_adrenal_gland,0.5818511804303473,-0.059661235558217784
remove_dec2_H2,duodenum,0.609232421096673,-0.033410058725144465
remove_dec2_H2,esophagus,0.7325696130865254,-0.033325987738105356
remove_dec2_H2,bladder,0.8031867616875347,-0.02212893382070602
remove_dec2_H3,liver,0.9256637458243381,-0.00235379742207642
remove_dec2_H3,spleen,0.9271360023647599,0.0005269633699568343
remove_dec2_H3,right_kidney,0.9205805465434914,0.0015428288210318497
remove_dec2_H3,left_kidney,0.9237153201198897,-0.0009745162067604785
remove_dec2_H3,stomach,0.8220901167702273,-8.33242247488819e-06
remove_dec2_H3,pancreas,0.6993550033351874,-0.0013025289057121414
remove_dec2_H3,gall_bladder,0.667422555745298,0.0026280278842383265
remove_dec2_H3,right_adrenal_gland,0.6618553969729014,-0.0024129737020731623
remove_dec2_H3,left_adrenal_gland,0.6396202040338757,-0.0018922119546894711
remove_dec2_H3,duodenum,0.6413734398359313,-0.0012690399858861223
remove_dec2_H3,esophagus,0.7675157833716497,0.0016201825470190112
remove_dec2_H3,bladder,0.8259807356832095,0.0006650401749688228
remove_dec2_H4,liver,0.9257924312655763,-0.0022251119808381903
remove_dec2_H4,spleen,0.9267858104488271,0.00017677145402406058
remove_dec2_H4,right_kidney,0.915787080443832,-0.0032506372786276216
remove_dec2_H4,left_kidney,0.9213621875015788,-0.0033276488250713054
remove_dec2_H4,stomach,0.8150484784397783,-0.007049970752923795
remove_dec2_H4,pancreas,0.6937294190752207,-0.006928113165678873
remove_dec2_H4,gall_bladder,0.6618668056267568,-0.002927722234302821
remove_dec2_H4,right_adrenal_gland,0.6606172432256939,-0.0036511274492806445
remove_dec2_H4,left_adrenal_gland,0.6432740173291015,0.0017616013405363784
remove_dec2_H4,duodenum,0.6259427575893125,-0.016699722232504932
remove_dec2_H4,esophagus,0.7597393062927662,-0.0061562945318645035
remove_dec2_H4,bladder,0.822666459488138,-0.0026492360201026965
remove_dec1_H1,liver,0.925485100210634,-0.002532443035780485
remove_dec1_H1,spleen,0.9193354504854575,-0.007273588509345563
remove_dec1_H1,right_kidney,0.9145614752789083,-0.00447624244355127
remove_dec1_H1,left_kidney,0.9199874241116852,-0.004702412214964924
remove_dec1_H1,stomach,0.8126178702600801,-0.009480578932621997
remove_dec1_H1,pancreas,0.6335388382024494,-0.06711869403845017
remove_dec1_H1,gall_bladder,0.6605745140235106,-0.004220013837548997
remove_dec1_H1,right_adrenal_gland,0.6596376415289715,-0.004630729146003043
remove_dec1_H1,left_adrenal_gland,0.6283727082859413,-0.013139707702623848
remove_dec1_H1,duodenum,0.6351584623520766,-0.007484017469740811
remove_dec1_H1,esophagus,0.7532292645884882,-0.01266633623614255
remove_dec1_H1,bladder,0.8248306009988717,-0.00048509450936895515
remove_dec1_H2,liver,0.809470393002099,-0.1185471502443155
remove_dec1_H2,spleen,0.8586242400302827,-0.06798479896452037
remove_dec1_H2,right_kidney,0.8915395543848588,-0.0274981633376008
remove_dec1_H2,left_kidney,0.8870100161702338,-0.037679820156416355
remove_dec1_H2,stomach,0.8079097382297992,-0.014188710962902973
remove_dec1_H2,pancreas,0.14818846529577379,-0.5524690669451258
remove_dec1_H2,gall_bladder,0.6328210147569007,-0.03197351310415897
remove_dec1_H2,right_adrenal_gland,0.4924628680980602,-0.17180550257691435
remove_dec1_H2,left_adrenal_gland,0.3962856890035489,-0.24522672698501624
remove_dec1_H2,duodenum,0.4230176997268376,-0.21962478009497982
remove_dec1_H2,esophagus,0.679357757524506,-0.0865378433001247
remove_dec1_H2,bladder,0.8183074843322196,-0.0070082111760211285
remove_dec1_H3,liver,0.9267905996598419,-0.0012269435865726042
remove_dec1_H3,spleen,0.926838438401575,0.00022939940677191295
remove_dec1_H3,right_kidney,0.9179081664957857,-0.0011295512266739083
remove_dec1_H3,left_kidney,0.9207865323709405,-0.0039033039557095917
remove_dec1_H3,stomach,0.8199284970005319,-0.002169952192170199
remove_dec1_H3,pancreas,0.7018014036050791,0.001143871364179594
remove_dec1_H3,gall_bladder,0.6667222632879757,0.001927735426916044
remove_dec1_H3,right_adrenal_gland,0.6666262147234614,0.0023578440484868235
remove_dec1_H3,left_adrenal_gland,0.6431458758054377,0.0016334598168725734
remove_dec1_H3,duodenum,0.6403668073095689,-0.0022756725122485832
remove_dec1_H3,esophagus,0.76159375364353,-0.004301847181100715
remove_dec1_H3,bladder,0.8232260604761137,-0.002089635032127002
remove_dec1_H4,liver,0.9281697227860128,0.00015217953959834052
remove_dec1_H4,spleen,0.9262705464896945,-0.0003384925051085341
remove_dec1_H4,right_kidney,0.9194620165329663,0.00042429881050676244
remove_dec1_H4,left_kidney,0.9262543085925157,0.0015644722658655352
remove_dec1_H4,stomach,0.8223315688085987,0.00023311961589655983
remove_dec1_H4,pancreas,0.6940360818676955,-0.006621450373204052
remove_dec1_H4,gall_bladder,0.6609655043887076,-0.0038290234723520333
remove_dec1_H4,right_adrenal_gland,0.6602127223916356,-0.004055648283338931
remove_dec1_H4,left_adrenal_gland,0.6377666934679309,-0.0037457225206342093
remove_dec1_H4,duodenum,0.6397532709835118,-0.002889208838305679
remove_dec1_H4,esophagus,0.7501152612467697,-0.015780339577860958
remove_dec1_H4,bladder,0.8261919299810468,0.0008762344728061588
